Fm,Fn,hFm,hFn,Time
0.01,70,Low,Low,0.18184598999999935
0.01,1400,Low,High,0.10200393699999921
0.2,70,High,Low,0.0018296780000000012
0.2,1400,High,High,0.311806464
