n,m,hfn,hfm,time
101,30,Low,Low,0.041993376999982956
101,80,Low,High,0.02495648999996547
202,30,High,Low,0.08620930500001123
202,80,High,High,0.13821400900002345
