n,m,hfn,hfm,tempo
8000,39975,Low,Low,0.07287061700003505
8000,547239,Low,High,0.609119029999988
20000,99975,High,Low,0.16782678199996326
20000,1375239,High,High,1.576118790999999
